{
  "id": "token-action-hud-lancer",
  "title": "Token Action HUD LANCER",
  "description": "Plugin for Token Action HUD to provide easily-accessible actions for the LANCER RPG system in Foundry VTT",
  "authors": [
    {
      "name": "Larkinabout",
      "url": "https://github.com/Larkinabout"
    },
    {
      "name": "Drental"
    },
    {
      "name": "dodgepong",
      "url": "https://github.com/dodgepong"
    },
    {
      "name": "^ and stick"
    },
    {
      "name": "OKSombre",
      "url": "https://github.com/OKSombre"
    }
  ],
  "url": "https://github.com/OKSombre/fvtt-token-action-hud-lancer",
  "flags": {},
  "version": "1.0.3",
  "compatibility": {
    "minimum": "11",
    "verified": "11.315"
  },
  "esmodules": [
    "./scripts/token-action-hud-lancer.min.js"
  ],
  "scripts": [
  ],
  "styles": [
    "./styles/tah-lancer-style.css"
  ],
  "languages": [
    {
      "lang": "en",
      "name": "English",
      "path": "languages/en.json"
    }
  ],
  "packs": [],
  "relationships": {
    "systems": [
      {
        "id": "lancer",
        "type": "system",
        "compatibility": [
          {
            "minimum": "1.4.1",
            "verified": "2.8.0"
          }
        ]
      }
    ],
    "requires": [
      {
        "id": "token-action-hud-core",
        "type": "module",
        "compatibility": [
          {
            "minimum": "1.5.4",
            "maximum": "2",
            "verified": "2.0.11"
          }
        ]
      }
    ],
    "optional": [],
    "flags": {
      "optional": []
    }
  },
  "socket": false,
  "manifest": "https://github.com/tw-blob/fvtt-token-action-hud-lancer/releases/download/1.0.3/module.zip",
  "download": "https://github.com/tw-blob/fvtt-token-action-hud-lancer/releases/latest/download/module.zip",
  "readme": "https://github.com/tw-blob/fvtt-token-action-hud-lancer#readme",
  "protected": false,
  "coreTranslation": false,
  "library": false
}
